DataSet,psnr,ssim
Test,17.945145507175106,0.5178163354098797
