DataSet,psnr,ssim
Test,16.462760235363472,0.4574865638613701
