DataSet,psnr,ssim
Test,19.665226431426074,0.604512269794941
